id,x1,x2,x3,x4,x5,x6,x7,x8,x9,x10,C,y
1,13,1,2.5,26,93,1.9,70,0.1,1.2,2.1,A,1
2,7.9,0.2857142857,3.4,16,29,1.7,80,0.9,7.8,3.6,B,1
3,4.9,0.4285714286,2.6,15,94,1.1,40,0.8,2.2,0.7,I,1
4,8.6,0.2857142857,3.2,37,83,1.2,80,0.4,3.1,7.5,J,0
5,11,0.2857142857,1.7,20,19,1.6,0,0.8,6.3,1.4,I,0
6,3.5,0.1428571429,2,7,32,1.3,30,0.2,1.9,2.2,J,1
7,11.9,0.7142857143,3.8,30,33,3.3,50,0.1,1.7,2.4,J,1
8,3.2,0.4285714286,1.9,37,45,0,60,0.2,0.7,5.6,B,1
9,1.2,0.2857142857,3.1,37,16,0.7,60,0.1,7.1,4.1,I,0
10,14.9,0.7142857143,3,15,9,2.9,80,0.4,6.4,4.6,G,0
11,7.9,0.4285714286,3.2,29,12,1.8,60,0.4,6.4,-0.8,D,1
12,10.8,1,1.4,48,88,2.9,100,0.6,5.8,1.1,A,1
13,7.4,1,1.4,8,10,-0.3,100,0.9,7.7,1.9,I,1
14,16.4,0.2857142857,2.6,21,5,2.5,90,0.6,9.5,-0.7,G,0
15,5.6,0.1428571429,2.7,18,22,1.7,20,1,7.3,5,H,0
16,8.1,0.1428571429,0.8,18,28,1.4,90,0.4,4.2,6.1,G,1
17,10.3,0,2.3,10,87,0.7,10,0.2,7.6,1.1,I,0
18,7.6,0,1.9,23,11,2.3,90,0.2,4.3,1.1,J,1
19,12.2,1,2.7,7,66,0.1,70,0.5,9.3,0,J,1
20,14.4,0.4285714286,3,39,15,2,10,0.9,8.3,3,B,1
21,13.7,0.2857142857,3.3,43,88,1.3,0,0.4,4.4,3.8,H,0
22,13.8,0.2857142857,2.4,49,74,0.8,100,0.8,7,3,F,0
23,4,0.2857142857,0.9,17,12,1.4,50,0,7.5,3.8,A,1
24,6.3,0.5714285714,2.6,16,30,2.9,20,0.1,1,2.8,F,1
25,14.4,0.2857142857,2,46,90,0.8,20,0,3.6,6.1,J,0
26,13.9,0.7142857143,1.8,50,27,1.1,50,0,4.1,5.2,F,1
27,10.3,0.8571428571,1.6,44,5,2.1,40,0.5,4.1,3.4,E,1
28,9.8,0.5714285714,2.2,16,58,0.6,30,0.6,2.7,3.8,F,1
29,-1.3,0.4285714286,3.6,39,76,1.6,40,0.4,5.8,5.2,C,1
30,10.1,0.7142857143,3.6,39,58,1.7,70,0.2,4.5,4.3,H,0
31,9.1,0.4285714286,3,42,5,2.3,60,0.7,3.2,5.1,G,1
32,0.4,0,3.6,29,16,2.9,20,0.1,4.4,8,C,0
33,14.8,0.7142857143,2.2,19,25,1.6,20,0.3,0,-0.6,H,1
34,12.3,0.5714285714,3.9,38,99,1.9,10,0.2,4,3.5,I,1
35,19.4,1,1.7,34,66,1.3,90,0,8.9,-0.5,J,1
36,12.2,0.4285714286,2.8,43,66,1.1,20,0.7,-1.8,5.7,H,0
37,2.6,0.4285714286,2.8,40,70,0.5,90,0.2,4.7,-2.4,I,0
38,13.6,0.8571428571,1.7,27,51,2.5,50,0.8,6.2,0.8,D,1
39,0.4,0.2857142857,3.3,12,15,1.2,40,0.8,2.3,3.5,D,1
40,10,0.8571428571,3,21,7,2.1,40,0.4,4.4,2,F,0
41,1.5,0.8571428571,2.7,4,43,0.9,60,0.6,8.5,4.1,C,1
42,8,0,2.9,20,47,-0.1,40,0.2,2.3,1.4,A,0
43,6.8,0.8571428571,2.2,37,21,1.4,90,0.4,5.1,3.7,D,0
44,11.5,0.4285714286,-0.7,49,46,1,40,0.3,3.6,1.5,B,1
45,15.8,0,-0.6,22,3,0.7,30,0.6,7.8,3.3,F,1
46,8.7,0.1428571429,1.7,21,92,1.4,90,0,7.6,3.7,E,0
47,8.5,0.1428571429,1.1,4,37,2.6,60,0.5,7.5,0.1,A,0
48,16,0.5714285714,2.9,36,66,0.5,90,0.9,6.2,-0.2,F,1
49,15.5,0.7142857143,0.9,22,88,-0.1,60,0.6,11.3,-0.9,B,1
50,14.4,0.5714285714,2.3,15,40,2,70,0.1,6.7,3.9,F,0
51,-4.4,0.4285714286,2.4,21,31,2.7,20,0.5,2.5,0.4,H,0
52,6.1,0.2857142857,2,50,100,1.5,60,0.5,8.2,-0.4,A,0
53,2.5,0.7142857143,2.8,44,8,2.1,0,0.1,10.4,3.2,I,0
54,4.2,0.8571428571,2.6,37,60,2.2,80,0.8,9,0.6,I,1
55,5.3,0.1428571429,1.9,43,68,0.6,40,0.6,4.9,5.1,C,1
56,14.2,0.5714285714,2.6,14,13,1.3,70,0.1,1.8,4.8,D,0
57,10.4,0.7142857143,2.7,50,37,-1.2,80,0.2,4.6,3.6,H,1
58,6.7,0.5714285714,4,17,61,2.6,60,0.4,-0.9,3.6,C,1
59,18.2,0.1428571429,3.9,32,33,1.7,30,0.4,3.8,5.1,I,0
60,11.7,0.8571428571,2.3,36,70,1,50,0.8,6.2,7.6,H,1
61,17.7,1,3.7,11,62,1,30,0.9,2.5,4.4,E,1
62,5.2,0.7142857143,1.7,6,98,0.1,90,0.7,5.9,4.3,I,0
63,5.8,1,1.6,14,3,1.2,80,0.7,5.9,1.4,A,1
64,14.7,0.5714285714,2.5,0,39,1.2,0,0.1,8.1,1.6,J,0
65,10.2,0.2857142857,1.8,31,2,0.5,30,1,4.8,-1.3,H,1
66,7.9,0.4285714286,2.7,8,2,0.8,0,0.6,5.9,4.5,J,1
67,15.6,0.2857142857,1.9,19,60,1.6,20,0.9,7.1,4.2,I,0
68,20.9,0.5714285714,1.7,50,46,0.5,50,0.4,3.1,2.7,F,1
69,11.2,1,1.9,46,78,2.4,40,0.3,-1.1,1.3,F,1
70,3.9,0.2857142857,2,43,76,1.4,60,0.8,9.3,4.2,D,0
71,21,0.7142857143,3.1,36,64,2.1,50,0.5,5.3,5.3,J,1
72,5.5,0.2857142857,1.3,18,68,2.1,50,0.8,2.4,1.2,D,1
73,6.7,0.1428571429,4.7,39,45,0.6,60,0.7,1.7,0.9,C,1
74,4,0.5714285714,3.4,1,30,2,0,0.9,7.2,-2,E,1
75,7.7,0.5714285714,2.1,32,66,2.6,80,0.5,5.8,4.2,H,0
76,13.1,0.7142857143,2.6,41,40,0.8,70,0.6,6.4,-2.3,B,1
77,17.7,0.2857142857,2.8,44,86,2.8,60,0,11.5,3.8,E,0
78,13.7,0.5714285714,2.1,41,42,1.5,70,0.7,5.4,2.7,C,1
79,13.3,0.8571428571,0.6,22,2,1.4,20,0.9,9.5,0.5,E,1
80,7.1,0.5714285714,3.2,21,41,0.2,90,0.9,6.3,4.9,C,0
81,7.5,0.1428571429,1.1,24,79,2.5,0,0.3,7.1,3.5,C,0
82,-1.2,0.1428571429,0.3,17,28,0.9,10,0.6,2.6,5.1,B,1
83,8,0.1428571429,1.8,18,39,2.4,20,0.2,5,2.7,F,1
84,3.3,0.5714285714,2.7,30,51,1.4,40,0.2,3.8,3.7,I,0
85,7.7,0,2.7,24,100,1.1,100,0.9,3.6,3.6,A,1
86,7.5,0.2857142857,3.7,40,76,2.1,60,0.2,9.1,2.9,A,1
87,5.9,0.5714285714,3,29,66,0.5,10,0.8,7.8,0.5,E,1
88,9.9,0.8571428571,2.5,18,68,1.2,50,0.5,9.1,0.8,A,1
89,17.6,0.7142857143,2.2,29,66,1.7,30,0,4.2,0.9,C,0
90,8,0.1428571429,1.1,21,10,1.9,70,0.7,7.5,3.5,G,0
91,6.9,0.7142857143,1.3,26,98,1.8,40,0.9,2,2.6,J,0
92,18.5,0.4285714286,1.3,22,53,3.2,60,0.3,7.4,5.7,I,0
93,14.1,0.5714285714,3.9,36,65,0.5,80,0.8,5.9,2.3,A,0
94,16.6,0.4285714286,-0.1,45,63,0.1,90,0.4,6.1,1.4,H,0
95,12.9,0.1428571429,3.7,17,84,1.3,20,0.8,9.3,2.8,G,0
96,8.2,0.2857142857,1.2,12,14,1.8,70,0.7,2.5,3.1,E,1
97,5.1,0.4285714286,2.7,30,14,1.3,100,0.4,7.5,0.8,E,1
98,6.3,0.7142857143,2.2,33,62,0.6,0,0.7,2.7,1.5,H,1
99,18.8,0.1428571429,2.5,24,56,2.2,20,0.9,0.7,1.7,F,1
100,17,0,2.2,20,31,0.8,20,0.1,7.6,6.1,J,0
101,8.4,0.1428571429,2.7,34,43,1.5,0,0.1,1.2,4.8,A,1
102,9.1,0.8571428571,1.7,31,76,1.1,80,0.3,0.5,5.5,F,0
103,15,1,2.3,25,37,-0.5,30,0.8,-1.1,1.6,B,0
104,15,0.2857142857,1.1,11,8,2.2,90,0.5,7.9,3.7,C,0
105,11.5,0.1428571429,1.8,29,39,1.7,30,0.3,0.2,2.1,I,0
106,4.9,0.2857142857,1.2,49,37,1.2,50,0.7,2.5,5.8,I,1
107,8,0.1428571429,2.4,3,95,2.5,20,0.7,1.9,2.1,A,1
108,3.5,0.7142857143,2.6,26,1,0.8,20,1,6.8,3.6,C,0
109,18.1,0.1428571429,1,19,71,0.5,0,0.7,3.2,1.1,C,1
110,14.4,0.5714285714,0.3,40,76,0.6,20,0.5,8.3,1.6,C,0
111,10,0.1428571429,2.8,14,16,2.3,100,0.4,8.5,3.6,A,0
112,7.5,0.4285714286,2.6,17,83,1,100,0.5,2,0.5,C,1
113,13.4,0.2857142857,1.4,33,55,1.2,30,0.8,2.2,0.7,I,1
114,17.8,0.2857142857,1.8,0,69,1.4,10,1,0.1,1.7,G,1
115,17,0.7142857143,2.1,8,59,0.6,80,0.3,5.7,4.8,J,1
116,8.6,0.8571428571,1.7,47,7,0.8,50,1,1,1.3,H,1
117,8.2,1,0.4,16,93,2.9,100,0.2,5.3,6,D,1
118,15.5,0.2857142857,2.9,19,54,1,20,0.1,7.2,2.9,J,0
119,-3.7,0.7142857143,2,36,67,1.2,70,0.3,6.7,5,I,1
120,11.7,0.7142857143,3.1,8,67,2.2,10,0.8,6.3,2.3,J,0
121,11.5,0.8571428571,2.6,1,49,0.7,100,0.2,2.4,7.3,G,1
122,-1.3,1,0.1,15,38,1.4,80,0.7,3.5,2.6,D,1
123,11.6,0.4285714286,2.2,44,47,2.2,0,0.8,3,1.1,D,0
124,9.8,0.4285714286,1.7,10,83,1.5,20,0.3,3,3.2,H,1
125,12.1,0.8571428571,2.4,9,44,0.5,30,0.9,7.5,0.5,C,0
126,10.3,0,2.6,45,20,1.5,30,0,9.4,1.5,A,0
127,6.7,0.8571428571,1.1,40,90,3.9,40,0.4,11.8,3.6,J,0
128,17.5,0.8571428571,1,24,97,2.6,50,0.4,4.7,4.6,E,1
129,10.3,0.5714285714,1.6,18,18,1,40,0.8,6.6,4.6,J,1
130,15.3,0.8571428571,3.3,19,81,1.5,40,0,7.4,-1.7,D,0
131,7.2,0.7142857143,3.6,20,27,0.4,100,0.7,10.5,4.1,E,1
132,10.2,0.1428571429,3,18,93,1.2,40,1,8.7,1.7,C,0
133,12.9,0.2857142857,3.5,25,2,2.6,40,0.4,8.7,3.9,A,1
134,4.2,0.1428571429,1.9,20,64,1.3,90,0.1,8,2.1,F,0
135,2.7,0.5714285714,1.5,18,11,2.3,70,0.3,13.5,2,H,0
136,7.2,0.8571428571,2.9,33,15,1.4,50,1,8.3,2.7,J,1
137,18.7,1,3.4,34,39,0.6,10,0.1,1.1,6.8,I,0
138,12.3,1,4,1,61,1,100,0.8,2.7,1.6,C,0
139,6.9,0.2857142857,2.3,1,23,1.2,50,0.9,3.4,2.3,D,1
140,12.7,0.7142857143,1.5,48,1,1.3,70,0.3,2.3,2.5,A,1
141,11.7,0.8571428571,2.4,5,42,2.6,10,0.8,9.6,2,A,1
142,12.7,1,2.2,11,95,1.1,10,0.3,5.2,0.5,I,1
143,9.5,0.4285714286,-0.9,6,59,0.8,50,0.2,1.5,1,G,0
144,13.2,0.1428571429,2.3,18,75,1.8,30,0.5,6.2,4.2,G,1
145,7,0.4285714286,2.7,16,70,2.1,70,0.7,5.9,0.7,F,0
146,15,0.8571428571,2.2,20,100,1.4,50,0.5,0.5,1.4,I,1
147,5.2,0.2857142857,1.7,38,28,1.7,60,0.9,5.9,0.7,J,1
148,15.5,0.1428571429,1,16,40,1,40,0.4,3,1.6,G,1
149,9.7,0.4285714286,2.4,0,64,2.5,70,0.9,5.5,2.2,F,1
150,3.2,0.7142857143,1.9,31,1,0.9,60,0.8,8.5,1.4,F,1
151,5.5,0.7142857143,1.1,20,29,1.9,40,0.8,4.6,2.5,J,0
152,10.5,0.1428571429,3.1,9,7,0.4,90,0.8,11.3,3.5,H,1
153,1.7,0,1.2,34,64,1.3,30,1,0.5,1.7,I,0
154,11.5,0.5714285714,2.5,10,0,3.7,40,0.7,4.5,2.7,C,0
155,17.6,0,1.3,19,44,0.1,40,0.5,10.5,2.4,J,0
156,7.7,0.7142857143,2.6,35,14,1.5,30,0.6,8.1,8.2,J,1
157,-1.5,0,2.6,3,47,1,40,0.9,7.2,4.8,D,0
158,2.5,0.8571428571,2,5,39,1.4,60,0.4,10.5,4.7,B,0
159,14.4,0.7142857143,3.2,46,41,1.3,90,0.7,5.1,4.5,J,1
160,14.2,0.5714285714,1.8,48,59,2,10,0,9.7,3.8,J,0
161,12,0.4285714286,2.8,43,16,1.3,30,0.4,4.8,4,E,1
162,11,0.8571428571,3,23,100,2.4,90,0.6,6.8,1.2,A,1
163,-0.1,1,2.2,28,87,2.7,90,0.2,2.7,3.1,I,1
164,17,0.1428571429,1.2,30,37,1.6,10,0.6,6.7,2.2,F,1
165,14.2,0.2857142857,3,27,52,1.7,20,1,3.9,2.7,C,1
166,18.8,0.4285714286,1.9,7,35,0.4,50,0.5,6.2,2.8,C,1
167,1.6,0.5714285714,2.2,16,34,2.7,40,0.4,6.7,3.2,J,0
168,10.3,0,1.7,13,16,1.8,90,0.6,9.7,6.7,A,1
169,11.6,0.2857142857,1.8,31,97,1,30,0.9,2,4.1,H,1
170,2.3,0.8571428571,0.3,13,53,0.6,20,0.6,1.1,6.2,D,1
171,4.7,0.7142857143,3.2,35,76,1.2,50,0.9,5.9,5,J,0
172,6.1,0.4285714286,2.1,35,51,1.4,20,0.8,6.5,2.1,I,1
173,9.7,0.1428571429,-0.3,26,89,1.7,50,0.3,1.4,6,B,1
174,4.2,0.7142857143,2.8,41,87,2.9,30,0.3,6.1,3.8,J,1
175,4.6,1,2.4,33,44,1.1,10,0.5,8.5,4.3,F,0
176,6.2,0.7142857143,2.5,12,71,1,50,0.7,4.8,1.8,A,1
177,12.8,0.1428571429,0.9,36,78,0.6,80,0.4,5.8,7.1,E,0
178,9.5,0.5714285714,3.2,6,27,1.3,90,0.7,4.8,6.4,F,1
179,16.2,0.1428571429,3.4,43,38,3,50,0.4,0.9,1.3,G,0
180,14.6,0.7142857143,1.8,24,27,1.1,100,0.1,5.9,3.3,D,0
181,7.1,0.2857142857,3.8,14,75,1.2,80,0.1,1.7,6,B,0
182,9.9,0.4285714286,1.8,11,8,2,10,0.8,3.8,4.1,J,0
183,11.5,0.2857142857,2.9,41,41,0.9,90,0.9,3.7,6.1,I,0
184,13.2,0.4285714286,3.6,31,1,1.3,60,0.6,7.2,5.4,G,0
185,0.8,0.8571428571,1.6,27,7,1.7,10,0.8,6.1,3,B,1
186,5.4,0.1428571429,0.4,44,82,1.9,40,0.4,4.8,-1.6,J,0
187,2.3,0,1.3,35,17,1.2,100,0.4,6.4,2.5,F,0
188,12.1,0.1428571429,1.7,22,9,1.9,0,0.2,12.8,5.3,G,1
189,8.4,0.2857142857,2.1,9,18,0.2,90,0.8,2.7,1.7,B,1
190,4.8,0.1428571429,2.7,39,85,0.6,90,0.4,1.9,4.6,H,0
191,3.9,0.8571428571,2.5,44,25,1.3,40,0,3.8,0.4,B,0
192,17.2,0.8571428571,1.6,9,45,1.5,30,0.7,2.1,2,E,1
193,10.3,0,0.8,34,99,0.6,10,0.5,3.9,0.6,G,1
194,12,0.8571428571,1.7,7,92,1.7,30,0.7,3.5,2.9,I,1
195,8.4,1,2.2,45,65,-0.2,60,0.6,7.1,4.6,B,0
196,10.5,0.5714285714,2.3,14,86,1.9,50,0.9,9,3.7,I,0
197,9.3,0.2857142857,0.1,35,54,1.7,30,0.1,-1.3,1.7,B,0
198,1.4,0.7142857143,0.6,39,48,1.9,50,0.7,3,-1.6,D,1
199,7.1,0.7142857143,1.1,49,89,1.2,30,0.7,5.2,3.5,J,0
200,11.4,0,3.3,27,72,2.8,50,0.7,6.7,6.1,G,0
201,19,0.7142857143,1.4,29,25,0.1,40,0.1,2.3,4.8,B,0
202,25.2,0.7142857143,1.7,21,97,2.4,100,0.5,3,2.8,B,0
203,9,0.8571428571,3.5,15,36,1.4,20,0.4,7.3,-1.5,F,1
204,4.8,0.4285714286,0.8,20,31,0.9,60,0.2,4.5,4,G,0
205,11.1,0.5714285714,1.2,41,47,1.1,60,0.7,-1.4,3.7,B,1
206,19.5,0.7142857143,1.4,32,78,3.1,70,0.8,2.9,2.9,D,0
207,9.4,0.8571428571,2.1,23,60,2.1,0,0.8,8.6,3.4,E,1
208,13.4,0.1428571429,2.9,44,57,2.1,30,0.1,1,0.6,D,1
209,9.4,0.1428571429,3,32,69,1.3,50,0.5,-0.3,4.1,E,1
210,10,0.5714285714,1.6,23,84,1.1,40,0.8,-0.4,1.9,H,1
211,5.4,0.2857142857,2.6,35,99,3.1,70,0.4,3.4,1,H,0
212,10.1,0.2857142857,1.5,12,99,2.1,90,0.6,7.8,-0.5,B,0
213,17.5,0.8571428571,0.3,47,91,1.4,30,0.8,4.9,2.8,B,1
214,14.7,0.8571428571,2.6,39,22,1.5,10,0.5,6.5,0.9,E,0
215,13.2,0.8571428571,1.1,7,25,0.5,80,0.4,6.5,3.5,G,1
216,14.3,0.2857142857,0.7,27,27,0.9,20,0.9,2.6,5,F,0
217,4.8,0.1428571429,1.7,43,68,2.5,80,0.1,4.2,0.7,E,1
218,20.8,0.7142857143,4.1,46,70,1.3,70,0.8,3.7,1.7,G,1
219,8.1,0.4285714286,0.9,24,88,1.8,60,0.2,4.5,6.1,E,0
220,8.5,0.7142857143,1.1,26,78,-0.3,90,0.1,6.9,2.1,A,1
221,16.1,0.7142857143,1.6,12,85,0.6,90,0.7,6.9,4.1,E,1
222,11.8,0.7142857143,1,37,47,2.1,10,0.5,-0.3,0.4,J,1
223,8.3,1,3.2,4,15,1.5,70,0.7,6.6,1.8,G,1
224,11.5,0.5714285714,3.7,8,67,2.3,40,0.4,5.8,3,A,0
225,23.6,0,2.7,33,94,-0.4,80,0.5,2.7,4.2,E,0
226,10.4,0.4285714286,3,40,12,2,50,0.4,9.5,2.1,A,1
227,12.5,0.8571428571,0.9,43,17,0.9,10,0.5,3.2,4.7,G,0
228,10.4,0.8571428571,2.8,36,97,2.4,20,0.8,8.8,3.4,B,0
229,12.6,0.4285714286,2.5,1,44,1.9,0,1,8.6,4.1,E,1
230,8.8,0.4285714286,1.1,44,82,0.9,80,0.4,2.7,3.9,J,1
231,13.3,0.8571428571,1.9,43,82,0.6,70,0.5,9,3.2,F,0
232,12.4,0.7142857143,2.2,22,97,1,80,0.1,8.2,3.5,C,1
233,3.4,0.8571428571,0.7,6,23,3.3,70,0.3,3.9,3.2,I,0
234,2.1,0.1428571429,2.2,9,4,2,0,0.3,6.7,1.9,H,0
235,4.9,0.8571428571,2,48,48,1.4,40,0.2,5.3,3.5,H,0
236,8.5,0.2857142857,4.4,36,18,2,70,0.1,8.4,1.3,C,0
237,5.4,0.1428571429,1.5,30,2,0.7,40,0.4,4,6.6,B,0
238,3.1,0.1428571429,1.8,4,60,0.9,100,0.3,4.8,0.8,J,0
239,6.7,0.8571428571,3,44,40,2.1,30,0.3,4.5,2,G,0
240,7.9,0.1428571429,1.6,20,32,0.1,40,0.8,-1.6,1.2,H,0
241,8.5,0.7142857143,0.5,22,37,1.1,0,0.3,2.9,5.3,D,1
242,8.6,0.1428571429,3.4,8,58,2.7,20,0.1,4.8,3.7,I,0
243,14.4,0.8571428571,0.4,8,40,1.4,30,0.5,3.2,0.1,J,1
244,9.6,0.2857142857,0.2,5,13,2.3,40,0.8,8.4,2,E,0
245,9.8,0.4285714286,2.8,36,12,1.8,70,0.4,7.4,6.4,G,0
246,17.6,0.5714285714,1.4,34,74,2,0,0.2,1.9,1.9,G,1
247,10.7,0.2857142857,2.6,40,99,0.9,20,0.8,1.5,2.1,F,0
248,11.5,0.8571428571,1.4,44,35,-0.4,10,0.7,3.6,0.4,F,1
249,11.5,0.5714285714,2.7,3,94,1.1,80,0.6,0.6,1.1,G,0
250,13.6,0.2857142857,-0.2,20,3,1.3,30,0.8,3.9,2.8,G,1
251,14.4,0.5714285714,2.9,14,99,1.8,10,0.5,5.6,2.7,I,0
252,-1.3,0.5714285714,0.7,0,16,2,70,0.2,4.6,2.4,A,1
253,16,0.1428571429,0.7,1,77,0.1,90,0.4,4.2,6.5,B,1
254,13.9,0.1428571429,3.2,7,19,2.6,50,0.1,9.5,1.5,J,1
255,12.8,0.8571428571,0.8,2,99,0.3,50,0.2,0.8,-0.8,E,0
256,12.8,0.1428571429,3.3,34,76,1.3,80,0.6,7,2.4,I,0
257,21.7,0.8571428571,3.3,25,47,1.5,60,0.8,7.5,6,I,0
258,13.2,0.2857142857,3.4,13,95,2.2,80,0.9,-1.1,4.2,E,0
259,-2.7,0.8571428571,2.5,38,83,2.1,10,0.5,5.9,6.4,A,0
260,8.1,0.4285714286,0.6,37,1,1.1,20,0.8,2.5,4.8,F,1
261,9.7,0.8571428571,1.9,48,81,2.4,70,0.7,10.8,1.6,J,0
262,6.8,0.8571428571,1.4,41,21,1.8,0,1,6.5,5.2,B,1
263,13.4,0.5714285714,2.1,10,31,1,40,0.8,4.7,1.9,J,1
264,14.8,1,1.4,18,44,1.9,0,0.3,9.9,4.3,A,0
265,14.4,0.5714285714,2.4,8,38,1,20,0.8,6,4,I,0
266,6.1,0.5714285714,3.5,42,44,2.3,10,0.3,10.5,5.4,H,0
267,8.3,0.8571428571,3.2,5,83,0.6,50,0.2,4.9,3.7,F,0
268,11.7,0.4285714286,2.1,37,83,1.9,60,0.9,2.7,0.8,I,0
269,16.6,0.8571428571,1.9,8,26,1.2,50,0.3,5.8,3,G,1
270,7.3,0.1428571429,1.9,49,3,1,30,0.1,4.2,3.4,I,1
271,7.7,0.8571428571,2.8,15,72,1.1,50,1,5.6,3.6,I,1
272,7.6,0.2857142857,1.8,7,55,1.3,70,0.2,4.5,5.2,B,0
273,6.4,0.1428571429,0.7,16,62,1.9,20,0.3,10.3,5.2,F,0
274,15.8,1,1.3,41,89,2.8,90,0.2,3,3.6,I,0
275,11.2,0.2857142857,1.6,38,7,1.1,90,0.9,0.6,1.4,C,1
276,7.3,1,3.3,39,46,1.9,80,0.4,3.8,6.5,E,0
277,7,0.1428571429,2.5,23,55,1.8,20,0,0.7,-1.8,B,0
278,2.3,0.2857142857,1.7,39,75,1.4,10,0.8,7.8,3.6,J,0
279,7,0.4285714286,2,25,77,1.6,10,0.8,4.8,1.8,J,1
280,14.4,0.4285714286,3,42,31,2,70,0.6,11.6,3.2,I,0
281,9.9,0.1428571429,2.1,36,49,2.3,70,0.2,7.5,1.1,G,1
282,10.3,0.4285714286,0.7,16,34,2.3,90,0.4,4,3.2,D,0
283,3.4,0.2857142857,1.3,17,72,1.9,10,0.7,7.2,0.3,F,1
284,10.4,0.5714285714,1.9,19,1,3.1,40,1,7.6,4.8,B,0
285,13.9,0.4285714286,3.1,20,83,2.8,60,0,1.6,2,E,0
286,6.7,0.2857142857,1.4,13,91,2.7,60,0.5,2.3,4,E,1
287,8,0.2857142857,2.8,24,34,2.3,0,0.8,6.4,2.8,C,1
288,7.1,0.8571428571,2.8,27,60,1.2,50,0.7,5.7,1.9,B,1
289,13.5,0.2857142857,1.3,48,44,1.3,40,0.7,7.1,5.1,H,1
290,6.5,0.5714285714,2.3,18,98,3.6,90,0.1,3.8,8,B,0
291,6.8,0.5714285714,2.3,29,36,0.3,90,1,5,2.5,C,1
292,9.9,0.8571428571,1,2,45,2.6,0,0.4,4.8,5.1,B,0
293,10.7,0.2857142857,1,48,23,1.2,50,0.1,7.8,2,B,0
294,13.3,0.7142857143,2.9,3,47,1,80,0.3,4.2,0.7,E,1
295,20.5,0.4285714286,1.5,31,61,1.9,10,0.1,8,2.3,C,0
296,5.4,0,4.1,0,27,1.6,50,0.5,5.5,4.1,I,1
297,8.4,0.4285714286,0.9,6,90,1.7,20,0.7,4.2,5.5,C,0
298,4,0.8571428571,0.5,10,5,1.9,30,0.8,4.1,1.3,F,1
299,7,0.1428571429,3,12,7,1.2,40,0.2,8,4.5,G,0
300,2.7,0.2857142857,1.8,41,71,1.5,20,0.2,5.5,3.4,J,1
301,10.2,0.4285714286,2.3,24,72,1.5,70,0.6,0.2,2.9,F,0
302,21.6,0,3.2,18,50,1.6,70,0.2,6.5,3.4,C,1
303,18.1,0.4285714286,0.1,49,73,1.6,30,0.8,0.8,0.9,C,0
304,6.2,0.8571428571,2.2,37,86,0.9,80,0.7,9.9,4.1,C,0
305,10.1,0,3,33,64,2.2,20,0.7,1.6,5.8,G,0
306,5.7,0.5714285714,4.2,14,96,1.6,70,0.9,4.4,1.8,B,1
307,7.5,0.4285714286,2.3,1,92,1.9,50,0.6,4,0.4,J,1
308,7.5,0.4285714286,2.5,40,50,0.7,70,0.5,-0.3,3.1,E,1
309,12.6,0.4285714286,2.4,11,96,1.2,30,0.9,2.8,0.1,E,1
310,17.2,0.1428571429,2.4,45,51,0.9,10,0.7,6.9,2.3,A,0
311,11,0.1428571429,4.6,5,55,2.5,30,0.8,4.5,4,F,0
312,3.8,0.4285714286,2.2,48,83,2.4,40,0.8,2.7,2.2,H,0
313,8,0.7142857143,2,29,98,0.5,80,0.5,2.1,2.8,J,0
314,8.3,0.5714285714,1.6,27,28,1.3,60,0.2,4.7,2.1,H,0
315,11.1,0.1428571429,2.2,50,59,0.9,40,0.5,1.5,3.2,I,1
316,15.3,0.5714285714,1.8,18,18,0.5,30,0.3,4.8,0.4,E,1
317,7.3,0,2.5,42,27,2.9,20,1,4.8,5.2,E,1
318,11.5,0.2857142857,1.4,6,20,1.7,20,0.6,9.2,2.2,G,0
319,-0.2,0.1428571429,4.6,44,54,1.2,50,0.3,4.5,2.3,B,1
320,12.6,0.2857142857,2,50,54,0.5,50,0.3,5.7,5.6,H,1
321,7,0.7142857143,3,31,62,1.9,0,0.1,2.5,1.2,I,1
322,15.2,0.7142857143,3.4,49,79,1.3,60,0.7,8.3,2.7,B,1
323,11.8,1,2.3,8,41,1.5,60,0.8,7.9,-0.1,A,1
324,15.1,0.1428571429,3.1,12,18,1.2,10,0.1,2.8,4.9,A,1
325,19.3,0.8571428571,1.2,20,55,1.9,10,0.3,5.6,3.1,D,0
326,2.8,0.2857142857,1,22,78,1.9,30,0.6,1.4,2.5,G,0
327,4.6,0.2857142857,1.2,15,64,-0.5,100,0.3,5.1,2.6,D,0
328,14.1,0.2857142857,2,30,46,1.9,80,0.2,3.4,2,C,0
329,20,0.7142857143,1.6,18,53,1.9,90,0.7,0.6,3.3,I,1
330,9.2,0.4285714286,2.2,26,94,2.5,80,0.9,5.6,3,E,1
331,5,0.7142857143,1.4,19,70,3.7,70,0.8,7,2.8,I,1
332,6.2,0.7142857143,2.2,30,19,2.3,30,0.3,4.3,5.2,F,1
333,10.8,0.1428571429,1.6,22,92,1.3,80,0.5,10.6,1.7,J,1
334,9.5,0.4285714286,0.3,45,9,1.9,30,0.4,3.6,4.8,G,1
335,9,0,0.8,8,40,0.4,60,0.9,4.7,3,H,0
336,4.9,0.7142857143,0.9,10,32,0.9,50,0,9.1,4.5,I,1
337,11.3,0,-0.2,34,71,-0.5,90,0.1,-1.6,0.4,J,0
338,3.1,1,3.1,46,42,0.1,50,0.1,6,6.4,H,0
339,11,0.5714285714,1.3,27,77,0.8,30,0.3,3,2.3,A,0
340,15.1,0.5714285714,1.8,13,15,0.4,70,0.3,2.8,2.8,F,1
341,19,0.7142857143,3.1,21,18,1.1,60,0.8,5.7,6.3,I,1
342,7.3,1,2.6,43,92,1.8,40,0.1,3.9,3.3,A,1
343,12.7,0.2857142857,0.1,23,55,2.6,70,0.5,9.1,0.3,G,0
344,8.2,0.7142857143,3.9,20,24,1.3,60,0.1,5.1,6.4,E,1
345,10.9,0.2857142857,0.8,31,32,0.6,60,0.5,5.9,2.3,G,0
346,9.2,0.1428571429,3,13,15,1.3,70,0.4,-0.2,5.6,B,0
347,21.3,0.1428571429,1.3,3,30,2.1,100,0.4,7.7,4.9,F,0
348,0.1,0.8571428571,-0.7,18,73,1.2,100,0.8,3.9,2.6,F,1
349,6,0.1428571429,2.6,16,79,0.7,20,0.1,6.4,3.1,F,0
350,11.1,0.8571428571,1.9,36,34,1.9,0,0.5,7.1,6.2,B,1
351,1.7,0.2857142857,2.3,40,61,1.4,70,0.2,6.8,0.3,H,1
352,10.6,0.7142857143,3.6,22,74,0.7,20,1,4.1,1.3,J,1
353,15.6,0.2857142857,1,48,21,2.5,20,0.4,8.4,0.4,I,0
354,9,0.4285714286,5,9,66,0.9,40,0.8,6.9,4.4,H,0
355,12.2,0.7142857143,1.4,47,67,1.6,100,0,1.5,0.1,F,0
356,8,0.4285714286,0.8,35,30,0.6,10,0.9,5.6,2.7,H,0
357,13.8,0.7142857143,0.2,41,59,0.1,50,0.5,4.3,3.9,E,1
358,9,0.4285714286,4,22,7,1,50,0.1,3.6,-0.4,E,1
359,7,0.8571428571,1.7,24,26,2.5,70,0.3,2.6,-0.4,C,1
360,11.3,0.4285714286,1.6,43,35,1,20,0.7,4.6,6.6,F,0
361,7.7,0.5714285714,1.5,8,72,0.1,90,1,6.4,2.6,C,0
362,4.3,1,1.3,20,29,1.9,60,0.9,3.3,2.7,A,1
363,10.3,0.2857142857,3,35,85,2,20,0.8,5.5,-1.4,B,0
364,9.8,0.1428571429,2.3,16,64,1.1,80,0.8,3.6,3.9,E,1
365,9.5,0.2857142857,3.5,0,43,2.2,40,0.2,0.4,1.9,A,0
366,20.9,1,1.9,43,94,-0.2,90,0.6,8.5,5.2,E,1
367,13.6,0.8571428571,3.1,20,95,1.6,70,0.4,1.7,4,C,0
368,8.1,0.2857142857,3.1,22,97,1.8,20,0.6,3.9,5.9,J,1
369,12.3,0.2857142857,4.3,13,17,2,50,0.2,2.6,1.6,G,1
370,22.4,0.4285714286,2.4,4,12,0,70,0.3,-0.4,2.8,A,0
371,7.5,0.5714285714,1.6,2,9,-0.1,40,0.6,5.8,6.9,H,0
372,4.2,0.5714285714,1.9,23,55,1.9,40,0.2,8.3,1.2,I,0
373,12.6,0.8571428571,1.7,13,93,0.5,40,0.6,2.7,3.9,E,0
374,10.2,1,1.6,44,90,2.9,100,0.8,7.3,3,H,1
375,16.6,0.4285714286,1,26,65,1.4,30,0.7,1.4,6.5,F,1
376,22.7,0,1.9,22,88,3.5,70,0.2,0.1,2.6,G,0
377,20.3,1,2,44,33,1.2,20,0.5,1,1.6,A,1
378,5.1,0.4285714286,2.1,8,76,3.1,40,0.2,5,2.6,J,1
379,7,0.2857142857,2,2,9,1.5,30,0.6,3.6,3.1,H,0
380,12.4,0.1428571429,4.2,34,43,2.5,60,0,7.3,-0.1,C,1
381,8.8,0.7142857143,3.1,35,29,-0.9,10,0.6,9.1,-0.1,G,0
382,9,0.5714285714,0.9,49,65,2.6,60,0.4,-0.8,2.2,D,1
383,10.1,0.2857142857,0.6,2,43,0.8,30,0.1,12.1,3,E,0
384,8.3,0.4285714286,2.1,27,78,2.7,80,0.8,5.5,5.1,H,0
385,13.4,0.7142857143,4,1,74,2.6,20,0.9,3.6,3.2,A,1
386,11.6,0.8571428571,2.1,32,62,2.5,70,0.5,3.8,3,D,0
387,3.9,0.1428571429,1,37,87,1.1,20,0.4,5.4,4.1,J,1
388,7.5,0.8571428571,0.9,14,95,0.4,80,0.2,0.9,1.2,D,0
389,8.1,0.7142857143,1.6,39,95,2.1,20,0.5,6.1,3.6,D,1
390,2.3,0.4285714286,3,24,81,1.3,50,0.2,7.4,1.4,H,0
391,8.3,0.1428571429,1.9,17,59,0.1,70,0,7.3,3.6,J,0
392,16.3,0.7142857143,2.8,46,2,1,20,0.8,3.8,3.1,G,1
393,13.4,0.7142857143,2.1,36,90,3,100,0.2,0.5,3.7,J,1
394,12.8,0.7142857143,2.2,38,51,1.6,30,0.3,3.5,0.4,F,0
395,3,0.8571428571,2.4,1,19,-0.4,90,0.4,5.9,2.9,B,1
396,10.4,0.2857142857,-0.3,41,99,1.5,100,0.8,0,5.1,F,1
397,9.3,0.4285714286,1.5,22,62,1.6,50,0.4,6.5,4,I,0
398,10.2,0,1.7,3,88,2.5,20,0.8,2.6,-0.2,J,1
399,12.2,0.2857142857,2.3,47,44,2,40,0.5,4.7,3.8,G,1
400,25,0.8571428571,1.3,25,36,1.8,10,0.3,8.7,2.1,A,1
401,12.2,0.7142857143,1.4,29,96,1.1,100,0.3,7.5,7.2,I,1
402,16.8,0.8571428571,2.4,39,83,1.4,20,0.9,2.3,0.9,C,1
403,9.8,0.2857142857,2.1,33,81,1.3,50,0.8,4.9,1,C,1
404,-6.2,0.4285714286,0.4,30,8,2.2,10,0.7,1.6,6.9,B,1
405,18.8,0.1428571429,2.6,10,31,1.1,60,0.4,1.3,2,I,0
406,5.7,0.8571428571,2.8,10,72,1.4,20,0.4,5.6,4.4,H,0
407,18.7,0.8571428571,1.3,47,12,1.7,0,0.3,6,2.6,B,1
408,9.9,0.7142857143,2.6,2,4,0.9,30,0.5,2.6,5.1,H,1
409,6.1,0.8571428571,0.9,24,90,1.3,90,0.6,5.7,1.7,F,1
410,8.4,0.1428571429,1.8,17,20,0.8,40,0.7,2.8,3.6,G,0
411,14.6,0.8571428571,1.3,44,85,0.6,100,0.7,11.2,3.2,E,0
412,6.1,0.5714285714,1.8,10,65,2,40,0.9,5.2,2.8,A,1
413,10.4,0.4285714286,2.1,7,2,2,100,0.9,3.1,4.7,G,1
414,5.9,0.5714285714,3,13,96,1.3,80,0.6,8.8,1.3,J,0
415,6.5,0.1428571429,2.3,12,77,2.3,20,0.4,4.4,0.9,B,1
416,9.9,0.7142857143,2.9,28,55,1.5,20,0.7,7.2,3,A,0
417,14.7,0.2857142857,1.6,7,47,1.2,60,0.4,4.2,6.5,J,0
418,7.8,0.5714285714,3.6,14,19,2.2,40,0.4,7.9,2.1,C,1
419,9.2,0.2857142857,0.6,1,73,1.7,40,0.4,7,4.8,I,1
420,3.7,0.5714285714,3.8,23,45,2,20,0.3,10.4,2.3,H,0
421,9.6,0.2857142857,0.8,21,8,1.1,50,0.4,9.9,2.1,D,1
422,9.5,0.8571428571,2.7,6,66,0.1,10,0.2,4.1,3,F,1
423,9.6,0.5714285714,2.3,26,51,2.4,80,0.1,2.9,4.2,J,1
424,8.7,0.7142857143,1.1,42,100,0.9,80,0.9,5.4,4.2,J,0
425,5.6,0.1428571429,1.9,25,80,1.4,40,0.9,3.6,6.9,C,0
426,10.8,0.8571428571,2.1,8,91,2.5,50,0.6,3.3,2.5,B,1
427,19.8,0.4285714286,1.6,21,94,1.2,10,0.8,6.7,3.9,I,0
428,12.1,0.8571428571,0.9,37,96,1.3,100,0.1,3.5,-0.5,J,1
429,19.7,0.1428571429,0.2,31,45,0.7,80,0.1,8.4,6.6,D,0
430,22.2,0.4285714286,2.6,6,87,1.7,20,0.2,3.7,2,A,0
431,8.3,0.7142857143,1.9,39,22,1.9,90,0,1.6,6.8,E,1
432,15,0.8571428571,2.6,23,69,2.2,20,0.2,2.2,4.2,D,0
433,7.9,0.2857142857,0.6,35,2,1.8,40,0.3,0.3,0,G,0
434,16.7,0,4.7,32,45,2.2,70,0.4,6.1,4.2,A,1
435,11.6,0.7142857143,1.2,21,77,2.4,30,1,5.7,3.7,B,1
436,6.3,0.7142857143,2.1,38,42,0.4,20,0.4,8.9,-1.8,E,1
437,13.5,1,1.2,2,67,1.2,40,0.4,6.8,3.1,J,1
438,17.8,0.2857142857,3,40,40,1.3,10,0.5,-0.1,-0.5,B,1
439,10.8,0.5714285714,3.1,4,32,3,10,0.6,1.4,0.8,J,0
440,4.9,0.5714285714,3.7,19,98,1.1,40,0.6,4.8,0.7,E,1
441,5.6,0.5714285714,1.3,21,70,2.9,60,0.4,-1,3.6,B,1
442,9.3,0.5714285714,2.6,8,25,1.7,30,0.7,5.2,0.5,H,0
443,4.1,0.5714285714,1.1,8,23,2.2,90,0.1,10.7,0.9,G,1
444,12,0.5714285714,1.9,46,9,-0.1,40,0.1,4.8,0.9,G,0
445,19.7,0.4285714286,2.6,47,65,1.1,70,0.2,2,4.8,G,1
446,18.1,0.7142857143,1.6,10,50,1.5,20,0.4,2.6,5.7,I,1
447,4.3,0.7142857143,1.6,34,85,1.1,50,0,10,3.6,I,1
448,11.4,0.4285714286,1.8,40,40,1.9,40,0.8,5.9,3.4,H,0
449,13.3,0.7142857143,2,13,5,0.3,30,0.6,2,2.1,B,0
450,9.2,0.5714285714,2.7,34,92,-0.1,0,0.4,6.4,4.4,B,1
451,15.6,0.5714285714,1.8,27,46,2.8,80,0.2,8.6,3.5,A,0
452,19.4,0.1428571429,3.9,12,24,0.7,40,0.1,4.8,2.6,H,0
453,5.1,0.1428571429,2.5,36,47,2.3,30,1,7.8,2.9,B,0
454,7.6,0.1428571429,0.4,41,99,1.1,10,0.7,1,3.6,D,0
455,12.7,0,1.7,4,67,3,10,0.8,1.3,0.5,A,1
456,5.9,0.5714285714,2.3,42,83,1.6,90,0.5,3.5,2.6,D,1
457,19.6,0.7142857143,1.2,2,49,2,40,0.3,4.7,0.8,J,0
458,5.8,0.1428571429,0.9,34,39,1.4,10,0.1,7.7,3.9,H,1
459,10,0.7142857143,1.2,23,37,0.3,40,0.7,2,6,I,1
460,13.3,0.2857142857,4.4,36,57,1.2,0,0.6,1.7,5.1,C,0
461,5.4,0.2857142857,2,10,20,1.2,20,0,4.2,3.8,F,1
462,15.6,0,2.3,1,50,1.2,90,1,6.7,1.7,C,1
463,1.3,0.8571428571,1.8,18,85,2.5,60,0.6,6,1.8,H,1
464,1.7,0,2.3,43,61,1.3,20,0,8.1,3.1,A,0
465,8.1,0.1428571429,2.8,41,63,1.5,50,0.6,0.1,1.5,C,0
466,7.7,0.4285714286,1.5,16,77,-0.8,80,1,4.2,0.9,C,1
467,10.1,0.8571428571,0.2,13,11,2.6,30,0.7,9.6,4.5,E,1
468,11.8,0.8571428571,2.5,30,19,1.7,20,0,3.3,1,C,0
469,9.3,0.4285714286,2.8,14,64,0.7,10,0.2,4.2,0.4,C,1
470,21.3,0.2857142857,1.9,24,75,2.6,30,0,1.6,7.3,A,1
471,6.2,0.7142857143,2.4,8,96,-0.1,20,1,2.2,2.8,B,1
472,13.1,0.8571428571,2.5,18,18,0.9,20,0.2,8.3,1.8,F,0
473,2.7,0.1428571429,1.7,8,55,2.6,10,0.2,4.6,3.4,B,0
474,17.1,0.1428571429,1.7,30,48,2.4,30,0.3,3.9,2.8,I,0
475,5.3,0.4285714286,2.9,13,38,2.5,80,0.4,1.5,0.4,A,1
476,15.2,0,4.7,37,79,1,60,0.8,10.7,5.1,F,1
477,14.2,0.1428571429,3.5,18,7,0.6,10,0.9,9.6,2,E,1
478,7.7,0.2857142857,1.7,13,64,2.6,90,0.9,9.4,1.2,F,1
479,12.5,0.7142857143,-0.6,2,5,1.9,20,0.6,9.2,1.5,D,1
480,5,0.7142857143,1.4,44,92,1.8,0,0.4,4.5,1.5,H,1
481,10,0.4285714286,2,14,79,1.2,0,0.7,4.2,2.8,G,1
482,22.5,0.5714285714,1.7,38,46,1.4,50,0.6,5.7,5.6,G,0
483,10.3,0.5714285714,2.6,42,64,1.6,30,0.1,-1.6,3.8,J,1
484,9.9,0.4285714286,2.8,17,61,1.5,100,0.6,3.7,3.1,A,1
485,12.4,0.7142857143,2.9,1,7,1.6,0,0.2,2.1,0.5,H,1
486,12,0,0.7,36,16,1.1,80,0.6,1.7,1.2,G,0
487,2.8,0,2.6,34,62,3.1,10,0.8,8,2.9,E,1
488,10.4,0.1428571429,1,38,54,1.6,60,0.6,-2.3,6.6,A,0
489,11.2,0.1428571429,0.3,32,65,1.3,0,0.9,4.7,5,J,0
490,11.1,0.8571428571,0.5,17,38,3.1,90,0.6,5.7,1.1,I,1
491,16.1,0.2857142857,1.5,28,42,0.8,20,0.3,2.9,2.8,F,0
492,5.5,0.2857142857,0,9,47,0.2,0,0.7,4.5,3.5,B,0
493,13.2,0.2857142857,1.4,9,96,1.6,50,0.6,2.6,5.4,C,1
494,-2.3,0,0.5,30,90,1.3,10,0.1,7.4,2.5,H,1
495,12.5,0.4285714286,1.1,18,50,1.6,10,1,-0.7,6.4,C,0
496,13.9,0.1428571429,1.8,12,53,1.5,70,0.9,5.7,3.5,E,0
497,11.2,0.2857142857,3.5,20,36,1.8,30,0.5,4.9,0,H,1
498,13,0.4285714286,2.4,21,56,1.2,40,0.4,2.6,1.3,E,0
499,16,0.2857142857,2.4,20,46,0.3,30,0.4,5.6,4.8,I,0
500,10.6,0.7142857143,1,30,22,1.2,60,0.4,5.3,0.6,G,1
501,11.7,0.7142857143,0.3,2,5,0.8,10,0.3,2.9,2.6,B,1
502,8.1,0.4285714286,0.8,5,55,2.6,10,0.1,5.4,2.1,B,0
503,16.6,1,0.8,14,43,1.5,90,0.9,4.3,3.4,G,1
504,7.5,0.5714285714,1.1,16,20,1.9,60,0.9,3.2,0.7,A,1
505,14.5,0.4285714286,2.6,23,71,1,50,0.4,9.1,2.5,G,1
506,12.9,0.2857142857,3.4,40,16,1.1,40,0.6,8.2,1.8,D,1
507,17.2,0.7142857143,2.8,8,49,1.6,10,0.8,9.2,0.8,C,1
508,11,1,1.9,7,18,0.9,10,0.1,6.2,4.3,A,0
509,13.2,0.1428571429,2.8,35,62,2.1,70,0.6,1.9,2.2,H,0
510,17.6,0.2857142857,1.7,48,81,0.3,10,0.7,9.3,4,J,0
511,4.9,0.5714285714,1.5,25,99,2.6,60,0.8,5.9,4.5,B,1
512,15.1,0.7142857143,2.9,32,21,2.4,10,0.4,5.2,4.7,I,0
513,2.7,0.8571428571,0.3,16,24,3.3,80,0.7,0.7,0.1,A,1
514,8.5,0.4285714286,3.1,35,3,1.4,20,0.1,6.4,-0.6,I,0
515,11.9,0,1,37,80,2,70,0.1,5.1,0.8,I,1
516,10.8,0,1,30,9,2.2,10,0.3,2.1,0,I,1
517,12.1,0.2857142857,0.9,20,0,1.7,60,0,-0.7,4.9,G,1
518,14.9,0,1.3,37,58,2.8,90,0.4,-1.5,1.9,H,1
519,8.6,0.8571428571,0.1,3,79,1.5,80,0.6,1.9,5.1,F,1
520,5.3,0.4285714286,2.1,11,23,0.4,60,0.2,0.5,0.2,E,1
521,11.1,0.4285714286,1.8,1,47,1.8,50,0.3,4.6,2.8,J,0
522,12,0,1.9,32,17,2.7,50,0.8,6.9,1.2,C,1
523,13.2,0.2857142857,2.9,39,31,1.8,80,0.6,0.3,0.4,F,0
524,11.9,0.5714285714,0.1,7,21,1.7,40,0.8,-0.5,2.1,H,1
525,0.5,0.1428571429,2.7,19,59,1,60,0.2,5.2,4.7,C,0
526,12.5,0.4285714286,1.6,9,99,1.3,70,0.3,3.3,4.1,I,1
527,14.9,0.7142857143,0.7,7,67,1.1,50,0.4,7.2,3.1,I,1
528,13.1,0,0.3,2,11,1.3,70,0.7,5.9,-1.1,C,1
529,5.5,0.5714285714,2.4,29,86,1.4,50,0.8,5.7,2.3,F,1
530,5.8,1,2.1,48,23,1.5,50,0.2,1.1,2,B,0
531,6.4,0.5714285714,1.8,13,26,0.7,60,0.7,2.3,3.2,J,1
532,14.6,0.1428571429,1.2,15,8,0.4,0,0.4,11.3,2.4,E,0
533,4,0.1428571429,2.4,48,33,1.5,0,0.8,6.7,0.1,I,0
534,3.4,0.7142857143,0.7,42,86,1.2,30,0.6,3.3,0.2,H,1
535,12.6,0.8571428571,1.2,37,61,1.6,20,0,7.6,0.8,B,0
536,4.8,0.2857142857,2.1,13,61,1.2,0,0.1,4.8,0.4,H,1
537,2.3,0.7142857143,1.2,24,51,1,40,0,5.3,4.3,D,0
538,7.2,0,1.2,9,97,2.4,70,0.1,3.9,1.3,C,0
539,10.1,0.5714285714,0.6,34,21,2,30,0.2,5.8,1.5,A,1
540,5.2,0.2857142857,1.1,38,53,2.4,90,0.3,2.9,-2,I,1
541,16.2,0.5714285714,2.9,1,40,2,90,0.5,10,3.2,J,1
542,13.7,0.2857142857,1.9,26,15,0.7,80,0.3,1.4,2.3,D,0
543,11.4,0.7142857143,4.3,29,60,1.6,60,0.1,9.8,3.8,G,0
544,5.1,0.4285714286,2,16,52,1.1,50,0.7,8.6,1.2,A,1
545,7.6,0.7142857143,1.1,41,88,0.7,30,0.2,4.7,1.2,J,0
546,17.5,0.1428571429,1.6,33,14,1.4,0,0.5,11.6,3.7,D,1
547,7.6,0.2857142857,1.9,40,15,0.8,20,0.3,13.4,1.8,E,0
548,5.4,0,2.2,22,76,1.4,70,0.3,3.8,5.9,F,0
549,6.3,0.4285714286,2.4,23,12,1.4,30,0.5,4.1,0.5,I,0
550,10.5,0.4285714286,1.9,34,79,0.9,70,0.2,0.9,7,E,0
551,6.3,0.8571428571,2.8,31,22,1.4,40,0.7,3.2,3.8,I,1
552,3.9,0.8571428571,0.3,27,61,2.1,20,0.6,6.3,4.3,A,0
553,6.3,0.7142857143,2.5,2,51,1.3,90,0.6,4.8,5.7,C,0
554,11.7,0.8571428571,2.3,27,21,1.5,10,0.6,5.8,2.3,J,0
555,6.2,0.5714285714,1.8,9,89,1.2,100,0.9,3.8,3.4,E,0
556,9.8,0.2857142857,3.2,10,96,0.9,40,0.9,4.1,3.4,E,0
557,6,0,0.8,15,6,1.9,100,0.3,2.3,2.4,F,0
558,5.2,0.7142857143,3.7,13,3,1.4,0,0.4,5.9,0.9,B,1
559,11,1,2.6,32,51,1.8,10,0.2,9.5,2.3,A,0
560,13,0.4285714286,2,3,6,2.1,20,1,7,2.3,G,1
561,19.4,1,2.1,28,82,1.2,50,0.7,7.5,3.4,E,0
562,12.3,0.8571428571,2.6,6,17,0.7,50,0.7,4,3.2,B,1
563,17.1,0,2.5,42,61,1.4,50,0.3,6.9,4.1,E,1
564,6.4,0.1428571429,0.9,13,70,2,40,0.3,7.4,6.9,A,0
565,17.1,0.8571428571,1.5,40,24,2,70,0.4,3.9,3,E,1
566,9.6,0,0.3,46,11,1.9,50,0.1,8.6,4.2,G,0
567,9.7,0.2857142857,2,36,11,1.6,50,0.6,5.8,0.5,H,0
568,10.2,0.2857142857,2.1,39,21,-0.1,20,0.6,5.2,2.5,A,1
569,7.6,0.7142857143,-0.3,1,95,1.5,90,0.1,5.8,3.4,E,1
570,2.8,0.7142857143,1.3,25,20,1.5,50,0.8,5.4,5.1,J,1
571,-0.3,0.1428571429,3.8,49,38,1.6,30,0.7,4,6.3,J,0
572,8.2,0.1428571429,1.4,28,31,0.7,60,0.5,3.9,0.8,A,0
573,13.5,0.8571428571,1.1,23,78,0.9,60,0.5,9.5,1.4,A,0
574,5.4,0,2.2,9,75,1.5,10,0.3,6,2.6,F,1
575,11.9,0.7142857143,1.6,10,5,1.3,100,0,4,5.3,B,0
576,5.9,0.4285714286,1.2,28,22,1.7,80,0.6,3.6,-0.8,J,1
577,5.8,1,3,24,62,2.3,40,0.5,3.6,3.2,I,0
578,7,0.2857142857,-0.1,5,37,1.6,20,0.5,4.1,4.1,J,1
579,20.3,0.1428571429,2.8,14,9,0.9,30,1,0.7,4.6,A,0
580,6.7,0.8571428571,1.1,25,16,1.5,90,1,4.6,2.9,J,1
581,5.3,0.7142857143,3.6,41,10,0.3,60,0.8,6.5,3.8,G,0
582,7.9,0.7142857143,1.9,7,91,3.6,60,0.3,9.1,4.6,E,1
583,14.1,0.8571428571,2.7,47,9,2.2,20,0.4,2.7,1.6,F,0
584,12.7,0.1428571429,1.8,23,53,1.7,20,0.7,5.9,3.5,E,0
585,9.6,0.1428571429,2,27,30,1.9,50,0.3,5.9,6,A,0
586,15.4,0.8571428571,2.3,32,64,1.1,60,0.6,-2.8,3.9,E,0
587,7.7,0.4285714286,1.3,40,66,2,0,0.2,12.3,2.4,C,1
588,11.8,0.8571428571,1.7,41,56,1.4,40,0.7,1.7,1.8,D,0
589,10.5,0.5714285714,2.1,1,66,2,20,0.2,6.8,-0.1,E,0
590,14.9,0.8571428571,2.7,41,83,0.8,60,0.7,3.6,3.9,I,1
591,3.5,0.5714285714,2.9,17,59,2.1,40,0.8,6,4.5,G,0
592,-1.6,1,0.8,11,81,2.2,90,0.9,1.3,3.5,G,0
593,7.3,0.4285714286,3,26,9,1.4,90,0.8,5.1,3.7,C,1
594,18,0,3.6,40,64,1.3,30,0.9,0.6,0,F,0
595,12.7,0.7142857143,2.6,10,21,2.8,70,0.7,6.1,5,G,1
596,9.6,0,2.5,49,16,0.7,40,0.8,6.7,3.8,D,1
597,4.2,0.4285714286,1.7,27,87,2,40,0.7,5.4,8.3,F,1
598,8.3,0.7142857143,0.8,9,28,0.8,100,0.8,7.4,3.6,H,0
599,5.2,0.2857142857,2.4,35,96,1.7,20,0.3,5.6,4.1,F,0
600,10.1,0.4285714286,2.1,50,29,2.8,100,0.8,-0.7,1.4,G,0
601,8.3,1,1.8,32,56,1,0,0.7,3.6,2.9,A,1
602,2.6,0.4285714286,2,1,38,2.4,50,0.4,5.8,3.1,B,1
603,9.4,0.4285714286,1.2,9,65,2.2,10,0.7,5.7,1.9,E,1
604,19.9,0.1428571429,2.1,6,32,1.9,60,0.8,11.2,1.6,C,0
605,14.2,0.1428571429,3.1,14,42,2,60,0.1,2.4,3.7,A,0
606,10.6,0.2857142857,1.6,13,97,2.5,100,0.2,1.7,2,C,0
607,11.7,0.1428571429,0.5,4,7,1.2,60,0,4.1,2.4,B,0
608,-2.9,0.4285714286,2.9,48,41,2.7,90,0.4,11.8,2.3,E,1
609,11.2,0.4285714286,3.6,18,10,2.3,10,0.3,1.8,2,J,0
610,5.1,0,2.7,35,28,4.1,60,0.3,3,0.7,G,0
611,14.4,0.4285714286,1.1,19,68,0.2,100,1,1.9,0.4,E,1
612,6.9,0.2857142857,3.3,15,99,1.1,30,0.6,7.2,1.4,C,0
613,10.5,0.8571428571,0.7,27,43,1.2,80,0.2,11.3,5,A,0
614,0.9,0.1428571429,2.3,2,2,2,100,1,7.5,2,C,0
615,15.1,0.5714285714,3,28,71,1.3,50,0.9,3.1,3.8,E,0
616,8.9,0.2857142857,1.3,35,32,0.5,80,0.3,10.3,2.9,G,0
617,7.9,0.4285714286,1.2,46,11,1,90,0.7,1.4,5,F,1
618,4,0.5714285714,1.6,13,25,0.8,40,0.7,3.4,4.9,D,1
619,1.1,0,3.2,45,51,1.8,80,0,-0.6,1.6,F,0
620,18.7,0.2857142857,0.9,6,14,1.8,90,0.5,8,2.4,C,1
621,10.6,1,2.1,0,45,1.9,20,0.9,1.9,5,C,1
622,8.2,0.1428571429,2.6,40,27,0.9,40,0.8,6.8,4.4,A,1
623,5.6,0.4285714286,3.7,21,99,1.9,80,0.5,4.2,5.2,E,1
624,17.4,0.8571428571,2.9,26,27,1.1,40,0.7,4.5,0.1,E,0
625,14,0.2857142857,1.2,17,79,0.5,70,0.6,-3.1,3.7,D,0
626,13,0.7142857143,1.7,38,86,2.2,40,0.9,6.6,5.8,A,1
627,22.2,0,4.4,10,64,1.1,90,0.1,8.1,4.7,I,0
628,12.6,0.1428571429,2.5,30,32,1.6,30,0.8,6.5,4.4,G,0
629,15.2,0.4285714286,2.2,30,13,1.2,30,0.2,-3.1,-0.1,F,1
630,15.6,1,2.2,8,26,0.6,30,0.3,1.6,3.3,I,1
631,16.4,0,1,5,61,0.5,90,0.7,5.9,1.3,G,1
632,7.2,0.8571428571,3.2,17,69,0.7,20,0.4,7.5,3.1,H,1
633,5.3,0.5714285714,3.8,13,45,2.2,70,0.1,3.2,1.5,C,0
634,17.2,0.1428571429,1.8,29,4,-0.6,100,0.2,3.1,4.3,H,1
635,16.9,0.5714285714,2,19,21,1.7,0,0.8,5.4,5.1,D,0
636,2.2,0.2857142857,1.4,48,96,2.3,60,0.1,6.8,0.3,H,0
637,11.4,0.4285714286,1.8,3,78,2.2,70,0.3,5.7,4.8,E,0
638,13.9,0.2857142857,2.8,12,33,0.8,70,0.5,5.7,3.4,D,1
639,8.1,0.7142857143,1.9,49,81,0.3,10,0.6,5.3,6.9,E,0
640,7.8,0.1428571429,2.1,28,38,0.7,30,0.3,5.8,1.8,D,1
641,7.5,0.4285714286,1.8,11,86,2.4,70,0.4,5.8,1,D,1
642,12.9,0.8571428571,3.4,11,60,1.1,10,0.4,3.2,4.2,H,1
643,13.6,0.4285714286,2.2,25,3,1.4,20,0.5,3.8,2.5,D,1
644,17.4,0.7142857143,4.1,44,23,0.7,70,0.5,2.7,6.1,D,1
645,8.2,0.1428571429,1.6,9,48,2.2,10,0.4,5,5.3,E,0
646,10.5,0.2857142857,0.7,26,1,0.8,100,0.3,5.5,1,B,1
647,13.4,0.8571428571,1.6,38,11,1.5,30,0.6,8,4.7,F,0
648,4.4,0.4285714286,1.4,38,99,1.3,90,1,1.8,1.9,J,0
649,19.2,0,0.4,24,59,2.1,80,0.4,2.8,0.2,D,1
650,6.9,0.7142857143,3,44,5,2.4,100,0.2,3.4,2,I,1
651,3.9,0.1428571429,1.3,5,42,1.3,30,0,9.2,2.9,D,1
652,18,1,1.9,7,56,0.4,70,0.1,0.9,-0.1,J,1
653,13.1,0.5714285714,1.9,17,96,1.1,100,0.5,-0.5,1.8,D,1
654,7.5,0.8571428571,2.2,4,88,2.3,0,0.4,5.9,1.9,D,0
655,15.6,0.1428571429,0.8,20,35,1.2,60,0.8,3.2,1.9,A,1
656,4.8,0.4285714286,2.8,29,97,0.3,60,0.4,2.1,3.2,G,1
657,12.1,0,2.4,16,67,1.3,40,0.2,3.4,-0.4,B,1
658,7.9,0.1428571429,1.3,7,98,1.3,20,0,4.3,3,B,0
659,9,0.2857142857,1.3,5,10,0.5,60,0.4,6.3,0.9,E,0
660,8.6,0.1428571429,1.6,50,26,0.6,50,0.9,4,4,I,1
661,6.4,0.5714285714,0.4,13,72,1.8,40,0.7,3.5,2.1,A,1
662,6.4,0.7142857143,1.4,48,96,1.4,40,0.5,7.2,2.4,F,0
663,5.8,0.5714285714,3.3,29,9,0.2,90,0,7.6,-1.3,B,1
664,18.6,0.1428571429,2.7,19,36,0.8,60,0.6,7.8,5,C,1
665,5.3,0,3.1,20,64,0.8,80,0.9,3,6.1,D,0
666,7.2,0.8571428571,-0.3,23,64,2.6,40,0.5,6.6,3.7,H,1
667,10,0.8571428571,2.9,10,63,1.6,20,0.4,5.3,7.3,H,1
668,9.9,0.2857142857,1.5,8,0,1.5,0,0.9,7.1,2.4,J,1
669,6.6,0.7142857143,0.6,5,26,0.8,30,0.8,0.6,1.5,G,1
670,9.3,0.2857142857,0.7,38,56,1.3,30,0.6,1.2,0.5,F,0
671,14.3,0.1428571429,0.6,44,2,2.1,40,0.3,7.1,1,H,1
672,16.7,0.2857142857,1.1,19,46,2.3,10,0.1,3.1,-1.9,H,0
673,5.5,0.4285714286,1.3,2,41,0.8,10,0.2,11.7,8.3,D,1
674,9.7,0.1428571429,1.9,17,22,1.6,40,0,-0.5,6,C,0
675,3.9,0.4285714286,1.6,40,42,1.6,30,0.3,2.8,2.6,A,0
676,6.5,0.2857142857,3.6,48,6,1.7,40,0.9,4.7,2.7,B,1
677,7.7,1,2.3,28,42,1.8,10,0.5,1.6,1.7,E,1
678,2.3,0.7142857143,1.8,4,8,0.3,20,0.6,6.8,3.2,I,1
679,5.9,0.2857142857,2.4,24,26,2.4,70,0.2,-0.4,5.8,I,0
680,13.7,0,0.7,20,73,3.3,90,0.1,9.8,2.5,J,0
681,12.8,0.8571428571,2.5,48,76,1.8,100,0.9,0.9,-0.6,J,1
682,5.5,0.1428571429,1.7,40,84,0.5,90,0.8,1,-1.3,F,0
683,8,0.2857142857,2.7,9,75,2.4,50,0.2,10.9,1.1,E,1
684,10.2,1,2,25,46,2.1,90,0,-1.8,3.5,A,1
685,11.4,0.1428571429,1.3,1,15,1.8,60,0.5,7.9,0.2,F,0
686,10.6,0.2857142857,1.5,27,56,-0.3,90,0,0.2,1.7,B,0
687,15,0.8571428571,3.1,2,58,2.7,10,0.7,5,0.1,I,1
688,18.1,1,2.1,27,72,1.8,40,0.3,4.4,3.8,J,1
689,13.3,0.2857142857,2.3,38,24,1.1,30,0.2,3.9,2.4,D,0
690,9.4,0.8571428571,0.2,24,57,1.7,40,0.2,6.3,8.3,H,0
691,14.3,0,1,18,60,1.4,40,0.7,8.1,0.6,I,0
692,4.2,0.5714285714,2.8,14,45,1.6,70,0.9,7,6.1,F,1
693,5.2,0.1428571429,2.7,1,6,0.3,70,0.7,-2.6,2.9,A,1
694,0.1,0.5714285714,1,12,38,2,70,0.7,7.8,0.1,A,1
695,-1.4,0.7142857143,4.4,46,61,2.4,30,0.9,5.9,0.2,G,1
696,5.1,0.2857142857,2.3,12,6,0.5,50,0.4,4.1,4.5,C,0
697,12.7,0.1428571429,1,27,68,0.9,20,1,3.3,6.5,F,1
698,8.3,0.4285714286,1.7,43,6,1.6,10,0.8,8.3,5.1,H,0
699,10.5,0,3.6,24,49,1.9,50,0.9,5.8,-0.2,I,1
700,9.5,0.5714285714,3.3,34,92,2.6,10,0.7,7.8,4.8,G,0
701,5.7,1,1.9,9,33,1.6,90,0.9,-0.9,-3,J,1
702,6.9,0,2.4,48,88,0.9,100,1,4.5,1.2,J,1
703,4.9,0.5714285714,1.7,28,82,1.7,60,0.3,10.8,0.4,I,0
704,14.2,0.8571428571,4,34,75,0,80,0.1,4.1,2.6,H,1
705,3.2,0.4285714286,1.5,35,41,1.9,90,0.4,5.5,2.2,E,1
706,13.4,0.1428571429,3.2,11,0,0.5,40,0.2,0,-0.8,F,0
707,12.4,0.4285714286,3.5,18,26,-0.1,10,0.7,1.3,0.7,B,0
708,7.4,0.5714285714,1.4,10,80,2.5,40,0.6,6.4,2.4,A,0
709,10,0.2857142857,0.9,3,48,0.8,70,0.6,9.1,2.7,H,1
710,2.5,0.4285714286,3,23,77,-0.1,30,0.5,1.9,3.6,F,0
711,9.1,0.1428571429,1.3,31,32,0.8,70,0,3.5,0,D,0
712,4.3,0.8571428571,3,28,30,-0.2,60,0.8,2,0.2,B,1
713,3.2,0.2857142857,1.5,8,41,1.7,50,0.2,6.7,4.8,J,0
714,6.7,0.7142857143,1,7,84,1.2,30,0.8,7,3.1,J,0
715,13.8,0.2857142857,3.2,18,72,1.8,60,0.9,1.1,3.4,E,0
716,9.5,0.5714285714,2.9,32,70,1.3,20,0.8,5.9,1.8,H,0
717,11.7,0.4285714286,2.4,1,19,0.6,80,0.3,8.3,2,B,0
718,16.4,0.5714285714,3.9,34,87,1.8,40,0.3,4.9,3.6,B,1
719,17.9,0.2857142857,0.7,38,9,1.8,40,0.8,3.1,3.6,F,0
720,5.2,0.7142857143,3.5,1,27,1,10,0.7,0.5,4.2,B,0
721,2.9,0.1428571429,2.6,8,30,-0.4,80,0.2,2.8,4.9,I,1
722,-3.6,0.5714285714,0.8,31,79,1.7,80,0.6,9.3,2.7,C,0
723,8.3,0.4285714286,4,19,57,1.9,90,0.8,4.1,0.1,G,0
724,2.3,0.7142857143,1.1,31,96,1.7,60,0.3,4.6,4.8,G,1
725,8.2,0.2857142857,3.7,22,39,2.5,0,0.7,2.3,3.5,D,1
726,14.9,0,1.8,21,44,1.6,10,0.7,7.4,1.9,B,1
727,6.1,0.4285714286,1.6,28,23,0.5,20,0.2,1.9,3.1,F,0
728,6.6,0.7142857143,2.1,8,47,2.5,70,0.7,3.6,-0.1,E,0
729,5.8,0.5714285714,1.3,11,30,1.4,50,0,7.8,1.2,G,0
730,16.2,0.1428571429,1.2,11,18,1.6,70,0.2,1.7,0.9,C,0
731,9.6,0,0,28,1,1.6,60,0.1,4.3,4.4,E,0
732,4.5,0.7142857143,2.8,2,16,-0.4,70,0.5,5.4,-0.1,D,0
733,12.7,0.1428571429,2.8,32,20,2.5,50,0.8,1.6,5.9,C,1
734,16.4,0.4285714286,1.3,14,18,0.4,20,0.9,5,1.5,I,1
735,12.1,0.2857142857,2.2,25,11,2.3,90,0.2,2.8,2,E,1
736,6.2,0.2857142857,2.4,43,58,1.9,0,0.6,4.7,2.8,G,0
737,11.1,1,1,46,6,0.7,40,0.7,4.5,1.6,E,1
738,1,0.5714285714,1.5,15,25,2.4,80,0,3.2,0.8,C,0
739,7.8,0.8571428571,2.4,37,56,2.5,70,0.5,3.5,4.8,H,0
740,1,0.1428571429,2.3,18,95,2.2,80,0.6,-1.5,2.8,C,0
741,4.6,0.5714285714,0.9,1,6,0.1,80,0.5,2.9,1,E,1
742,11.6,0.2857142857,1.1,37,21,0.1,80,0.3,2.5,5.8,E,1
743,0.4,0.7142857143,-0.2,26,9,2.9,60,0.4,7.1,2,D,1
744,12,0.7142857143,-0.3,44,14,3.4,80,0.5,3.9,2.8,I,1
745,3.4,0.7142857143,1.3,25,39,1.1,20,0.3,6.1,2.1,H,0
746,10.9,0.2857142857,2.2,14,90,1.6,70,0.9,2.6,0.3,F,1
747,15.2,0.2857142857,1.3,5,92,1.2,30,0.2,4.6,6.8,D,0
748,-2.4,0.7142857143,2.7,24,88,2.8,20,0.2,4.3,5,H,0
749,9.2,0.4285714286,0.3,32,65,0.6,90,0.3,4.1,5.3,G,0
750,12.4,0.7142857143,2.7,27,81,0.8,80,0.7,7.3,2.3,F,1
751,12.5,0.5714285714,0.4,47,59,1,80,0.3,2.7,3.2,D,1
752,6.6,0.1428571429,1.8,26,23,0.7,10,0.8,5.9,3.2,G,0
753,16.3,0.2857142857,2.9,33,50,1.4,30,0.3,6.7,2,E,1
754,6.8,0,-0.1,20,26,0.8,20,1,4.1,2.2,D,1
755,-0.7,0.2857142857,1.3,1,66,2.6,80,0.2,7.8,3.4,C,0
756,4.3,0.8571428571,1.6,18,38,1.1,30,0.5,5.8,3,C,0
757,2.8,0.8571428571,2.3,32,52,1.4,30,0.8,7.2,0.8,C,1
758,7.9,1,1.4,10,37,0.5,50,0.1,3,6.4,I,1
759,11,0.1428571429,3.6,15,8,2.3,90,0.1,0.2,2.1,A,0
760,11.9,0.2857142857,2.7,47,28,1.4,20,0.3,2.3,2.2,I,0
761,3.4,0.1428571429,3.6,8,37,1.1,80,1,8.6,2.5,I,1
762,9.1,0.7142857143,1.6,25,79,2.1,10,0.1,2.9,3.7,I,0
763,13.7,0.1428571429,3.8,23,13,1.6,10,1,4.6,1.1,D,0
764,7.5,0.5714285714,3.6,39,87,1.6,80,1,5.5,2.6,I,1
765,-1.2,0.7142857143,2.3,43,93,1.5,0,0.7,9.2,2.1,G,1
766,8.2,0.2857142857,1.8,44,11,2.2,70,0.8,6.4,2.3,I,0
767,17.1,0.4285714286,2.6,0,17,1.8,90,0.6,3.8,3.4,A,0
768,10,0.4285714286,0.9,3,100,1.7,60,0.7,3.2,3.6,B,0
769,14.8,0.1428571429,1.8,32,21,2.4,10,0.9,9.4,0.9,D,1
770,16.5,0.2857142857,1.7,43,87,-0.3,40,0.1,3.2,3.2,B,1
771,15.9,0.1428571429,3.1,0,39,0.6,60,0.6,8.7,3.7,C,1
772,13.7,0.8571428571,1.6,46,28,1.5,90,0.9,9.9,1.8,G,1
773,11.4,0,1.5,29,49,0.7,50,0.3,1,-0.9,J,0
774,11.5,0.7142857143,1.3,34,80,0.6,80,0.8,2.2,2.4,G,1
775,8.3,0,1.3,14,18,1.6,50,0.3,0.1,6.8,F,0
776,12,1,0.8,25,71,2,100,0.9,4.4,2,H,1
777,16.9,0.4285714286,1.4,31,71,1,30,0.4,9.2,1.5,F,1
778,1.3,0.4285714286,1.7,6,92,2.1,40,0.3,0.7,4.8,E,0
779,9.3,0.5714285714,2.4,26,80,2,10,0.3,4.4,3.3,I,1
780,8.3,0.4285714286,0.8,8,45,3,90,0.3,7.9,1.7,B,0
781,8.7,1,1.7,33,2,0.7,40,0.8,8.9,5.1,A,0
782,12.8,0.1428571429,2.2,49,88,0.4,90,0.7,8.4,5.5,E,0
783,11.4,0.2857142857,1.6,32,27,2,20,0.8,4.2,2.5,B,0
784,10.6,0.2857142857,1.6,10,11,0.7,0,0.4,0.6,7.3,E,0
785,12.6,0.2857142857,2.6,33,38,2.7,80,0.5,1.6,4.2,B,0
786,12.8,0.8571428571,2,29,23,0.7,30,0.1,0.1,5.5,A,0
787,4.8,0.1428571429,2.3,1,33,2.9,50,0.5,6,2.9,H,1
788,8,0.7142857143,1.8,26,38,1.9,10,0.8,10,4.2,D,0
789,12,0.7142857143,1.7,15,46,2.5,70,0.1,7.1,4.8,I,1
790,12.6,0.7142857143,2.8,41,86,2.7,100,0.3,12.8,4.3,F,0
791,11,0.4285714286,2.8,11,64,3.5,50,0,5.9,-0.5,A,0
792,9.7,0.8571428571,2.3,34,37,1.8,0,0.6,1.7,-0.9,I,1
793,13.7,0.8571428571,1.9,24,65,2.7,30,0.2,2.3,0.5,J,1
794,7,0.8571428571,0.3,8,33,0.8,20,0.1,6.9,4.4,J,1
795,16.1,0.5714285714,0.1,32,19,0.8,70,0.6,5.5,3.4,B,1
796,5.4,0.1428571429,0.4,49,46,1.3,30,0.5,7.2,2.5,I,1
797,16.1,0.2857142857,1.6,41,94,1.6,70,0.1,6.1,2,G,0
798,-0.8,0.7142857143,3,39,49,1.3,0,0.7,4.5,3.3,C,1
799,16.1,1,3.5,19,4,1.8,30,0.5,2.2,3,D,0
800,23,0.1428571429,0.8,36,18,1.7,60,0.8,9.5,-2.7,F,0
801,8.4,0,3.2,26,43,2.2,30,0.5,5.5,3.7,C,1
802,16.1,0.7142857143,0.7,8,71,2.3,90,0.7,4.5,2.7,B,1
803,-1.5,0.5714285714,1,7,70,1.5,10,0.3,3.7,3.7,E,0
804,6.6,0.4285714286,1.7,39,10,1.3,30,0.2,5.3,1.2,J,1
805,2.3,0.8571428571,2.6,48,76,2.1,20,0.9,2.9,6.5,H,1
806,6.2,0.5714285714,2.2,47,96,0.4,90,0.3,-0.1,6.4,H,0
807,12,0.4285714286,4,5,42,1.5,50,0.4,5.4,4.3,A,1
808,12.6,0.8571428571,2.1,39,33,2.9,20,0.5,8.5,4.7,A,1
809,7.3,0.8571428571,0.8,25,88,2.1,20,0.3,2.1,-0.3,H,1
810,12.2,0.8571428571,1.6,35,86,1.3,10,0.3,0.4,5.5,C,0
811,5.9,0.8571428571,3.1,30,86,1,30,0.8,2.7,0.6,J,1
812,6.9,0,1.8,4,41,1.7,90,0.9,-0.5,-2.6,B,0
813,15.8,0.5714285714,0.4,4,67,1.5,100,0.1,1.6,-1.3,A,0
814,4.7,0.5714285714,1.1,22,9,1.4,90,0.4,6.4,2.9,C,1
815,13.9,0.5714285714,0.9,10,100,1.5,0,0.4,6.5,1.7,C,1
816,8.3,0.8571428571,1.1,15,80,1.5,20,0.3,4.4,3.7,B,1
817,5.2,0.8571428571,1.7,4,96,2,70,0.3,5.3,2.3,G,1
818,11.5,0.5714285714,2.4,28,5,0.9,40,0.3,8.5,1.2,I,1
819,2,0.7142857143,1.9,38,19,2.6,30,0.9,3,2.8,H,1
820,5.9,0.2857142857,1.9,33,84,2.5,20,1,2.8,1.9,C,0
821,14.9,0.4285714286,0.9,32,45,1.9,90,0.8,2.6,2.3,F,1
822,16.4,0.7142857143,2.1,17,54,1.1,30,0.8,7.5,1.7,D,1
823,6.9,0.5714285714,0.7,9,64,2.4,100,0.1,9.3,3.1,H,0
824,11.2,0.7142857143,0.3,37,51,1.1,0,0.8,5.5,5.7,G,1
825,5.3,0.4285714286,-0.3,21,72,2.5,10,0.7,12,2.4,G,0
826,5.3,1,2.2,44,66,1.8,10,0.2,6.4,2.9,G,0
827,12.6,0.1428571429,2.6,38,82,1.9,90,0.4,1.5,-0.6,F,1
828,16.7,0.8571428571,1.4,20,66,1.8,30,0.7,9.1,3.2,A,1
829,1.1,0.5714285714,2.8,42,89,1.4,20,0,2.9,3.7,A,0
830,11.7,0.4285714286,1.7,35,64,1.7,50,0.1,2.4,0.3,C,0
831,9.9,0.2857142857,2.3,40,70,0.3,20,0.9,4.5,1.2,D,1
832,-4,1,2.3,49,41,1.6,0,0.3,5,0.6,D,1
833,8.7,0.8571428571,1,38,14,2.5,60,0.6,8.9,0.8,F,1
834,9.9,0.8571428571,2.7,10,58,0.5,40,0.8,4.8,5.1,H,1
835,11.1,0.4285714286,1,17,8,1.9,40,0.8,4.4,3.9,J,1
836,1.4,0.4285714286,1.7,1,31,1.7,60,0.6,1.9,6.3,C,0
837,12.3,0.5714285714,2.8,26,43,0.5,80,0.7,4.9,-0.1,F,0
838,13.6,0.7142857143,2.2,40,70,1.7,30,0,5,7.1,C,0
839,1.4,0.1428571429,2,33,6,0.5,90,0.6,5.2,2.7,E,1
840,4.5,0.1428571429,0.8,30,24,1.3,80,0.1,4.3,3.3,H,0
841,12.7,0.1428571429,2.9,5,9,1.4,70,0.6,9.1,5.9,B,0
842,0.8,0.8571428571,2.7,1,97,1.1,90,0.4,2.2,1.9,C,0
843,6.8,0.7142857143,2.1,42,19,1.2,70,0.9,4.4,2,F,0
844,12.9,0.2857142857,1.3,49,54,1.8,40,0,4,3.9,C,0
845,16.9,0.1428571429,2,11,72,1.9,10,0.7,3.5,3.3,G,0
846,8.7,0.8571428571,0.7,1,52,2.1,20,0.9,5.5,-0.7,E,1
847,18.8,0.5714285714,0.5,26,29,2.3,80,0.8,6.8,0.8,C,1
848,12.7,0.7142857143,3.5,28,58,2,0,0.2,6.3,-0.6,H,1
849,14.7,0.2857142857,3,24,16,1,60,0.4,5.8,0.5,G,1
850,17.1,0.8571428571,2.9,5,26,2.1,80,0,5.5,2.1,B,1
851,2.9,0.5714285714,2.1,45,13,0.9,50,0.6,-2.4,3.6,D,0
852,10.9,0,2.7,38,71,1.7,70,0.8,4,6.3,H,1
853,13.2,0.7142857143,1.7,35,58,2.4,80,0.3,7.8,4.3,B,1
854,4.4,0.1428571429,2.1,48,83,1.9,90,0.7,4.3,4.1,B,0
855,5.9,0,0.8,49,71,0.1,100,0,7.5,2.2,H,0
856,21.5,0.2857142857,1.8,5,98,0.8,70,0.1,4.9,-0.5,H,0
857,11.6,0.7142857143,2.1,6,11,1.3,90,0.3,5.7,1.9,I,1
858,8.9,1,1,21,26,0.3,80,0.7,4.9,3.1,H,1
859,6.2,0.4285714286,1.5,15,12,0.3,70,0.8,5.6,4.1,E,0
860,11.5,1,2.6,32,32,-0.5,90,0.8,5.2,2.5,I,1
861,16.3,0.5714285714,1.4,5,14,0.3,60,0.9,6.8,0.6,J,1
862,-1.8,0.4285714286,1.7,38,41,2.1,70,0.3,6.3,6.1,G,1
863,7.3,0.5714285714,2.2,42,81,1.6,70,0.2,5.4,6.7,C,0
864,13,0.4285714286,3.5,5,60,1.1,10,0.1,6.7,0.3,C,0
865,17.7,0.4285714286,2.5,10,55,1.4,80,0.4,5.6,2.2,F,0
866,7.5,0.8571428571,2.2,2,9,0.7,30,1,1.6,3.2,A,1
867,17.1,0,2.2,47,13,0,80,0.1,-0.6,1.5,F,0
868,7.7,0.4285714286,1.3,46,9,2.5,50,0.3,7.8,1.9,I,0
869,11.3,0.5714285714,1.3,4,94,1.5,40,0.6,2.1,2,H,0
870,13.2,0.2857142857,0.1,24,23,2.4,100,0.1,-0.8,3.2,H,0
871,9.1,0.1428571429,2.3,45,59,1.9,60,0.7,2.8,1.6,A,0
872,9.4,0.4285714286,2.3,1,73,0.9,40,0.2,11.5,2.2,A,0
873,3.1,1,0.4,4,12,2.1,30,0.1,5.8,1.3,E,0
874,8.9,0.8571428571,1.3,16,84,1.2,0,0.8,1.3,1.8,B,0
875,7.4,0.5714285714,1,31,6,2.1,80,0.1,4.1,7.1,J,0
876,8.8,0.8571428571,2.9,13,37,1.3,50,1,9.9,4.3,J,1
877,10.1,0.7142857143,1.3,32,85,2.2,30,0.2,1.3,2,D,1
878,10.4,0,0.5,36,81,-1.1,60,0.6,4.6,3.9,E,0
879,7,0.4285714286,3,11,70,0.9,90,0.7,2.7,7.1,C,1
880,7.2,0.8571428571,1.8,47,44,0.6,90,0.7,5.2,3.3,D,1
881,16.9,0.5714285714,3.6,19,57,1,10,0.5,3.2,2.6,D,1
882,2.2,1,2.5,27,100,1.3,90,0.4,6.5,4.3,E,1
883,6.7,0.1428571429,2.6,6,14,2.5,60,0.5,9.9,0,H,0
884,7.2,0.1428571429,1.9,7,65,1.6,80,0.2,9.3,4,D,0
885,10.8,0.5714285714,1.3,19,84,-0.1,30,0.2,2.1,4.4,B,0
886,6.1,0.5714285714,-0.2,5,18,2.5,80,0.3,0.9,5.2,H,1
887,18.3,0.8571428571,1.5,32,84,0.5,10,0.4,3.1,6.5,I,0
888,9.1,0,3.6,33,18,1.9,60,0.1,-0.2,1.3,F,0
889,13.1,0.2857142857,3.2,38,8,1.6,10,0,7.5,3.4,C,0
890,10.5,0.2857142857,2.2,6,78,-0.1,60,1,7.5,0.1,E,1
891,13,0.7142857143,2.7,41,68,2.5,40,0.7,4.6,4.5,E,0
892,15.2,0.7142857143,3.1,10,82,1.7,60,0.6,2.5,0.9,E,1
893,2.3,0.7142857143,2.8,7,7,2.6,100,0.4,7.6,5.4,E,0
894,5.4,0.1428571429,3.2,22,8,0.8,50,0.6,4.6,1.9,G,0
895,7.1,0.8571428571,2.1,47,86,0.8,80,0.4,5.3,2.2,C,1
896,12.2,0.8571428571,-0.2,3,39,1.4,10,0.7,1,1.2,I,1
897,13.9,0.1428571429,1.6,28,73,1.8,30,0.7,2.9,3.8,B,1
898,13.6,0.4285714286,0.5,24,67,0.9,50,0.7,2,5.2,I,1
899,5,0.5714285714,0.5,46,37,1.3,30,0.3,3.8,0.7,A,1
900,8.4,0.2857142857,1.4,21,65,0.9,70,0.4,3.8,6,C,0
901,13.3,0.4285714286,-1.1,31,51,1.8,60,0.6,12.2,4.1,D,1
902,2.9,1,1.6,22,3,1.8,90,0.3,4,4.2,J,1
903,9.2,0.7142857143,2,35,7,1.1,10,0.6,2.8,4.8,D,1
904,1.3,0.5714285714,1.4,29,12,1.6,40,0.6,5.2,4.5,A,0
905,12.8,0.1428571429,3.5,39,59,1.8,80,0.2,9.8,3.8,G,0
906,10.6,0.5714285714,3,13,55,1.5,10,0.3,3.6,3,C,1
907,5.1,0.2857142857,2.1,15,81,1.2,30,0.3,10.8,3.4,H,1
908,8.6,0.8571428571,4.1,1,71,1.4,40,0.3,8,0.5,B,0
909,11.3,0.5714285714,0.1,44,84,3.1,60,0.6,1.2,4.8,G,1
910,0.6,0.2857142857,1.8,33,73,1.5,10,0.4,5.3,3.8,G,0
911,9.3,0.7142857143,2.4,28,42,2.5,70,0.5,4.7,4,B,1
912,7,0.4285714286,2.9,12,60,2.2,80,0.4,3.5,0.9,E,1
913,1.8,0.5714285714,1.4,18,81,0.4,50,0.1,6.2,4.6,I,1
914,11.3,0.4285714286,1.9,35,23,2,100,0.2,4.8,4.9,I,1
915,9.1,0.8571428571,2.5,7,48,0.9,90,1,13.1,3.2,I,1
916,13.9,0.5714285714,2.5,17,54,0.9,30,0.9,5.1,1.3,I,1
917,8.3,0.5714285714,1.5,19,76,2.4,10,0.9,-1.4,1.2,F,1
918,4,0.1428571429,2.2,7,78,1.7,40,0.1,7.7,4.9,J,1
919,12.6,0.1428571429,1.1,39,29,0.8,20,0.7,6.8,2.4,H,1
920,12.7,0.1428571429,2.6,29,32,1.8,10,0.7,6.1,4.6,J,1
921,14,0.4285714286,0.6,10,31,2.5,100,0.3,4.7,2.7,F,0
922,13.9,0.5714285714,2.9,21,58,1.5,30,0.6,10,5.4,F,1
923,5,0.1428571429,1.5,11,47,1.8,100,0.9,4.9,1.5,B,0
924,12.4,1,3.6,49,66,1.2,40,0.6,2.6,1,G,0
925,6.8,0.4285714286,2.4,19,26,2.5,20,0.7,8.4,3.9,J,0
926,6.2,0.5714285714,2.2,23,78,2.1,30,0.3,3.7,1.3,E,1
927,10.1,0.7142857143,3.4,32,47,1.1,70,0.6,6.3,2.1,G,0
928,10.4,0.5714285714,0.2,47,74,0.7,50,0.5,1.8,6.3,E,0
929,17.8,0.8571428571,2.2,41,17,1.7,20,1,7,3.5,C,0
930,14.9,0.8571428571,0.8,21,7,3,40,0.8,7.7,0.9,E,1
931,14.9,0.1428571429,3.3,43,72,0.6,80,0.3,3.6,1.3,D,1
932,8.4,1,1.8,10,41,0.9,80,0.8,1.8,2,G,0
933,17.2,0.4285714286,2.1,34,33,1.5,80,0.1,7.5,3.5,J,1
934,5.7,0.2857142857,1.3,30,74,1.4,30,0.9,-2.3,3.8,H,0
935,11.2,0.2857142857,0.7,50,47,1,0,0.8,2.9,3.5,J,1
936,18.9,0.2857142857,0.7,31,24,1.6,90,0.6,6.5,3.1,I,0
937,17.4,0.7142857143,1.5,24,60,3.2,70,0.1,4.4,4.5,E,1
938,12.1,0.5714285714,1.4,7,2,1.8,60,0.1,4.7,0,H,0
939,1.9,0.8571428571,2.2,4,52,0.9,10,0.9,8.6,0.7,I,1
940,10.5,0.7142857143,2,23,46,1.1,60,0.1,6,3.3,G,0
941,12.1,0.7142857143,4,10,61,1.8,50,0.6,6.6,4,G,1
942,8.2,0.5714285714,3.7,17,79,1.5,40,0.8,7.9,2.4,B,0
943,3.9,1,1.6,46,87,1,50,0.8,1.1,0.5,D,1
944,6.5,1,2.2,19,35,1.9,60,0.5,6.9,1.4,J,0
945,25.2,0.2857142857,2.6,13,59,0.9,0,0.5,6.3,4.3,B,0
946,4.3,0.2857142857,2.7,9,87,0.9,80,0.7,2.6,1.9,D,0
947,3,0.8571428571,1.7,35,45,2.4,40,0,1.5,-0.1,J,1
948,6.5,0.8571428571,1.8,48,92,1.5,30,0.7,3.5,3.9,B,1
949,6.4,0.2857142857,1.7,37,20,1.9,60,0.9,6.9,3.5,G,0
950,6.4,0,0,40,31,1.9,30,0.1,7.7,2.5,H,1
951,1.6,0.4285714286,1.1,12,95,1.3,100,0.5,4.2,4.9,A,1
952,11.8,0.2857142857,3.4,37,50,1.5,20,0,7.7,2.1,C,0
953,11.5,0,3.3,47,98,2.5,40,0.2,2,4.6,E,0
954,-0.8,0.1428571429,2,1,34,0.5,80,0.9,4.5,0.8,C,0
955,10.8,0.5714285714,0,3,86,0.9,20,0.2,-0.5,3.2,E,0
956,12,0.1428571429,2.6,38,18,0.8,70,0.4,4.7,1.1,H,0
957,6.2,0.1428571429,2.3,43,9,2,80,0.7,4.6,2.5,G,0
958,-1.4,0.1428571429,3.1,10,75,2,80,0.5,5.7,2.9,J,0
959,10.6,0.1428571429,2.2,26,16,2.6,60,0.2,2.6,0.1,B,0
960,8.7,0.4285714286,1.9,22,93,1.2,20,0.8,3.6,1.4,H,0
961,11.4,0,0.1,12,45,2.5,30,0.6,5.5,1.2,H,0
962,10.3,0.5714285714,1.8,30,35,-0.1,20,0.1,5.8,4.6,H,1
963,6.2,0.2857142857,2.6,11,75,2.5,80,0.3,8.7,2.5,F,0
964,6.1,0,1.9,32,22,1.8,10,0.9,4.1,-1.7,F,0
965,6.4,0.2857142857,3.1,23,76,1.6,80,0.1,7.1,4.6,H,1
966,15.3,0.5714285714,4.3,34,36,1.3,80,0.6,4.3,1.6,H,1
967,10.6,0.2857142857,1.8,42,14,1.5,0,0.6,7.2,1.8,E,0
968,11.1,0.5714285714,1.9,34,65,1,10,0.6,-2.7,7.1,C,1
969,7.1,0.2857142857,1.3,21,99,2.9,30,0.4,5.4,2.6,C,0
970,18.1,0.7142857143,2.6,12,82,1.3,60,0.9,1,2.3,G,1
971,7.6,0.7142857143,1.1,3,62,1.3,0,0.1,8.8,2.7,C,1
972,5.3,0.2857142857,1.4,3,77,0.1,90,0.3,9.3,2.7,F,1
973,13.6,0.4285714286,1.6,44,28,1.9,90,0.1,6.3,4.9,B,0
974,13.8,0.1428571429,2.9,13,42,1.3,70,0.8,5.9,3.3,C,1
975,16.9,0.8571428571,0.2,6,90,2.2,90,0.8,-1.3,5.1,H,0
976,19.5,0.7142857143,2.7,33,27,0.6,20,0.7,6.4,2.6,C,0
977,-1.3,1,0,18,68,0.5,30,0.1,3.3,5.3,G,0
978,11.7,0.5714285714,3,33,12,2.1,100,0.5,2.5,2.5,J,1
979,8.9,0.2857142857,3.8,1,53,1.2,70,0.2,11.7,6.5,F,0
980,10.2,0.1428571429,3.4,28,48,0.2,90,0.7,6.3,6.8,J,0
981,5.4,0,2.5,17,73,0.2,20,0.3,7.2,4.9,C,0
982,11.8,0.1428571429,1,42,16,1.5,0,0.9,3.8,0,G,0
983,3.3,0.1428571429,2.4,10,34,1.2,20,0.4,7.8,3.8,D,0
984,8,0.1428571429,0.3,23,55,2.1,50,0.4,4.6,0.6,J,1
985,11.6,0.7142857143,2.4,40,97,0.6,20,0,1.8,1.2,J,1
986,12.5,0.8571428571,2.6,42,27,3.3,70,0.4,4,2.8,I,0
987,3.8,0.2857142857,2.6,36,37,1.5,80,0.1,6.5,2,F,0
988,12.9,0.1428571429,1.6,11,9,1.1,10,0.6,5,5,D,0
989,5.7,0.2857142857,4,47,49,1.8,20,0.5,8.3,6.9,J,0
990,10,0.7142857143,2.2,6,96,0.7,30,0.2,2.2,-0.2,J,1
991,9.2,1,1.4,2,98,1.5,60,0.6,6,4.8,B,1
992,9.6,0,0.4,45,22,0.3,40,0.3,5.5,4,A,0
993,13.2,0.5714285714,1.3,25,29,2.4,80,0.5,7.9,3.5,I,1
994,7.4,0.8571428571,3.1,28,74,2.3,100,0,8,1.3,F,0
995,9.2,0.8571428571,-1.6,42,6,2,80,0.9,4.6,1.5,B,1
996,14.2,0.5714285714,3.2,42,35,1,90,0.8,7.4,2.1,A,1
997,0.8,0.2857142857,1.8,29,19,0.3,40,0.5,5.5,4.5,J,1
998,8.1,0.5714285714,1.9,4,11,1.4,100,0.9,7.4,5.4,D,0
999,5.9,0.1428571429,2.5,35,51,2.1,30,0.3,1.7,2.4,A,0
1000,5.2,0.1428571429,2.9,11,27,2.3,90,0.7,8.4,5.7,A,1
